Keyword,Intent,Volume,KD,CPC,Centime_pos,Best_competitor,Best_comp_pos,Type
ap automation software,"Commercial, Informational",2900,42,80.91,53,stampli,1,Head term
accounts payable automation software,Commercial,2900,45,80.91,54,stampli,3,Head term
accounts payable software,Informational,3600,65,40.14,48,avidxchange,1,Head term
best accounts payable software 2026,Commercial,390,0,0.00,72,bill,9,Winnable (KD<=25)
ap software,Commercial,1600,40,59.41,82,avidxchange,1,Head term
accounts payable best practices,Commercial,720,19,4.86,27,avidxchange,2,Winnable (KD<=25)
accounts payable solutions,Commercial,1000,37,41.73,57,avidxchange,2,Mid
best accounts payable software,Commercial,880,36,72.33,55,ramp,6,Mid
ap automation solutions,"Commercial, Informational",1000,43,72.15,55,avidxchange,5,Mid
automated ap software,"Commercial, Informational",1000,43,80.91,64,stampli,1,Mid
accounts payable automation software comparison,Commercial,480,16,63.60,35,stampli,8,Winnable (KD<=25)
accounts payable automation solutions,"Commercial, Informational",1000,46,72.15,55,stampli,2,Mid
ap automation benefits,Informational,720,31,16.14,84,avidxchange,4,Mid
account payable softwares,"Commercial, Informational",1000,49,40.14,60,avidxchange,1,Mid
accounts payable software for small business,"Commercial, Informational",590,26,42.68,85,stampli,3,Mid
accounts payable software for large business,"Commercial, Informational",480,20,38.09,95,avidxchange,3,Winnable (KD<=25)
accounts payable systems,Commercial,880,49,55.55,91,bill,3,Mid
ap invoice automation,"Commercial, Informational",1000,60,86.02,67,stampli,3,Mid
payable process,Informational,480,26,20.68,74,bill,4,Mid
a/p contact meaning,Informational,320,14,0.00,84,bill,2,Winnable (KD<=25)
ap automation companies,"Commercial, Informational",720,50,48.90,47,stampli,2,Mid
automate accounts payable,Informational,590,40,63.91,68,stampli,2,Mid
top accounts payable automation software,Commercial,390,25,185.70,35,avidxchange,5,Winnable (KD<=25)
ap automation tools,"Commercial, Informational",590,44,87.28,50,stampli,4,Mid
accounts payable process transformation,Informational,260,14,0.00,48,avidxchange,14,Winnable (KD<=25)
automated payables solutions,"Commercial, Informational",390,27,72.15,70,avidxchange,3,Mid
accounts payable programs,Commercial,590,47,40.42,63,bill,1,Mid
accounts payable automation benefits,Informational,320,21,26.63,74,bill,3,Winnable (KD<=25)
accounts payable management software,Commercial,590,48,68.63,43,avidxchange,1,Mid
software accounts payable,Commercial,590,48,40.42,61,avidxchange,1,Mid
ap solution,Informational,260,16,40.21,70,avidxchange,3,Winnable (KD<=25)
how to measure accounts payable performance,Informational,260,16,0.00,85,bill,4,Winnable (KD<=25)
accounts payable softwares,Commercial,480,41,40.42,71,avidxchange,1,Mid
accounts payable workflow automation,"Commercial, Informational",590,53,0.00,47,stampli,2,Mid
ap ar automation,Informational,260,19,52.72,81,stampli,30,Winnable (KD<=25)
software for accounts payable,Commercial,480,45,40.42,54,avidxchange,1,Mid
ap approval software,"Commercial, Informational",390,35,72.53,66,stampli,1,Mid
automated accounts payable software,Commercial,390,35,84.47,40,stampli,1,Mid
cloud based accounts payable solutions,Informational,320,29,0.00,80,avidxchange,3,Mid
accounting software for accounts payable,Commercial,390,38,43.37,93,bill,1,Mid
best accounts payable automation,Commercial,260,22,82.63,42,stampli,4,Winnable (KD<=25)
accounts payable workflow software,"Commercial, Informational",480,50,0.00,53,stampli,3,Mid
accounts payable invoice automation software,"Commercial, Informational",390,39,118.56,79,stampli,1,Mid
ap software solutions,Commercial,390,41,119.65,52,stampli,3,Mid
ap processing software,Commercial,480,53,73.27,60,avidxchange,1,Mid
accounts payable solution,Informational,480,54,60.97,65,avidxchange,2,Mid
sage ap automation,Informational,260,25,41.90,16,ramp,6,Winnable (KD<=25)
accounts payable process automation,"Commercial, Informational",480,55,50.11,62,ramp,8,Mid
benefits of ap automation,Informational,210,19,16.14,85,bill,4,Winnable (KD<=25)
benefits of accounts payable,Informational,260,26,0.00,65,bill,1,Mid
a p automation,Informational,480,59,79.76,59,avidxchange,8,Mid
automated accounts payable solutions,"Commercial, Informational",480,60,138.78,45,stampli,3,Mid
ap automation platform,"Commercial, Informational",320,37,98.76,86,stampli,4,Mid
ap and payment automation,Informational,390,48,0.00,90,avidxchange,3,Mid
automated accounts payable systems,Informational,320,38,73.61,44,stampli,2,Mid
automation of accounts payable,Informational,320,38,122.38,60,stampli,8,Mid
ap automation services,Informational,390,49,0.00,95,avidxchange,1,Mid
benefits of accounts payable automation,Informational,260,30,26.63,78,avidxchange,5,Mid
cloud based accounts payable,Informational,210,25,0.00,84,avidxchange,3,Winnable (KD<=25)
accounts payable automation companies,"Commercial, Informational",320,44,84.43,18,avidxchange,2,Mid
account payable automation,"Commercial, Informational",390,57,79.76,65,avidxchange,1,Mid
automating accounts payable,Informational,320,45,63.91,63,stampli,4,Mid
accounts payable automation systems,"Commercial, Informational",390,58,73.61,65,stampli,1,Mid
ap workflow automation,Informational,210,27,0.00,79,avidxchange,4,Mid
accounts payable platform,Commercial,260,37,100.11,64,bill,2,Mid
accounts payable invoice processing software,"Commercial, Informational",260,38,92.05,35,stampli,1,Mid
accounts payable automation solution,"Commercial, Informational",320,50,64.69,58,stampli,2,Mid
accounts payable software solutions,Commercial,320,50,0.00,40,stampli,2,Mid
accounts payable software features,Commercial,210,30,0.00,78,stampli,1,Mid
cloud-based accounts payable solutions,"Commercial, Informational",210,30,0.00,88,stampli,1,Mid
account payable automation software,"Commercial, Informational",320,52,84.47,65,stampli,2,Mid
accounts payable workflow solutions,"Commercial, Informational",320,54,0.00,45,avidxchange,4,Mid
accounts payable software systems,Commercial,260,45,20.19,47,stampli,1,Mid
what is ach payment mean,Informational,260,47,0.55,84,ramp,10,Mid
accounts payble,Informational,260,49,5.97,75,bill,11,Mid
ap processing systems,"Commercial, Informational",210,38,95.74,63,avidxchange,2,Mid
ap automation system,Informational,260,50,97.98,60,avidxchange,5,Mid
accounts payable automation vendors,Informational,210,46,127.66,41,stampli,3,Mid
automated ap,Informational,210,50,42.96,88,stampli,4,Mid
automated payables,Informational,210,50,79.76,95,avidxchange,2,Mid
accounts payable automation technology,Informational,210,51,0.00,95,avidxchange,5,Mid
payable software,Commercial,210,52,27.88,47,avidxchange,1,Mid
payables automation,Informational,210,55,63.91,67,stampli,1,Mid
accounts payable accounting software,"Commercial, Informational",210,57,40.14,67,avidxchange,1,Mid
